acc,brake,cte,curr_front_dist,decision,ego_accel_mps2,ego_jerk_mps3,ego_speed_mps,front_rel_speed_mps,idm_accel,jerk,lane_change_ticks,lane_id,min_surround_dist_m,mode,need_bypass,overtake_target_id,pending_direction,prepare_confirm_count,prepare_count,right_change_is_bypass,speed,state,steer,target_lane_id,target_v_kmh,throttle,tick,ttc,ttc_front_s,wp_reason,yaw_error
0.9944470850274368,0.0,0.00013920254158838238,999.0,stay_follow_no_need,0.9944470850274368,0.0,0.29934655098914426,,2.9999999224909186,0.0,0,-3,26.29454861367604,speed_deficit_aggressive,False,,,0,0,False,0.29934655098914426,FOLLOW_LANE,6.103376026855169e-05,,85.0,0.15,0,999.0,,follow_lane_wp,6.418218227111083e-05
0.34941177089261516,0.0,0.00016773517356537607,999.0,stay_follow_no_need,0.34941177089261516,-12.900706282696435,0.2820987365570947,,2.9999999388691942,-12.900706282696435,0,-3,26.29458757184559,speed_deficit_aggressive,False,,,0,0,False,0.2820987365570947,FOLLOW_LANE,7.98749965264899e-05,,85.0,0.3,1,999.0,,follow_lane_wp,5.6192699001034185e-05
0.9500668489201451,0.0,0.0001848892146897015,999.0,stay_follow_no_need,0.9500668489201451,12.013101560550599,0.23461245317299023,,2.9999999707544496,12.013101560550599,0,-3,26.294683181246093,speed_deficit_aggressive,False,,,0,0,False,0.23461245317299023,FOLLOW_LANE,8.487499726549546e-05,,85.0,0.44999999999999996,2,999.0,,follow_lane_wp,4.900216405756552e-05
1.114065639273788,0.0,0.00019136912636368367,999.0,stay_follow_no_need,1.114065639273788,3.279975807072857,0.17891302389162056,,2.999999990109383,3.279975807072857,0,-3,26.29477550269064,speed_deficit_aggressive,False,,,0,0,False,0.17891302389162056,FOLLOW_LANE,8.506313252865749e-05,,85.0,0.6,3,999.0,,follow_lane_wp,4.3675841877366395e-05
1.0400695821960395,0.0,0.00019046822143233954,999.0,stay_follow_no_need,1.0400695821960395,-1.4799211415549696,0.1269110773364559,,2.9999999974958884,-1.4799211415549696,0,-3,26.29484928141223,speed_deficit_aggressive,False,,,0,0,False,0.1269110773364559,FOLLOW_LANE,8.293101650217773e-05,,85.0,0.75,4,999.0,,follow_lane_wp,3.914846802421934e-05
0.8604450231707188,0.0,0.00018961354540858628,999.0,stay_follow_no_need,0.8604450231707188,-3.592491180506414,0.08388978383035203,,2.9999999990347153,-3.592491180506414,0,-3,26.294910620506393,speed_deficit_aggressive,False,,,0,0,False,0.08388978383035203,FOLLOW_LANE,8.078627574120227e-05,,85.0,0.9,5,999.0,,follow_lane_wp,3.5952674716455135e-05
0.653525591269328,0.0,0.0001876250362032447,999.0,stay_follow_no_need,0.653525591269328,-4.138388638027816,0.051214374891461446,,2.9999999990347153,-4.138388638027816,0,-3,26.3007175984401,speed_deficit_aggressive,False,,,0,0,False,0.051214374891461446,FOLLOW_LANE,7.938269520819859e-05,,85.0,1.0,6,999.0,,follow_lane_wp,3.4621094171072286e-05
0.46137751152582107,0.0,0.00018605080478065975,999.0,stay_follow_no_need,0.46137751152582107,-3.842961594870138,0.028146690347847624,,2.9999999990347153,-3.842961594870138,0,-3,26.341820652743266,speed_deficit_aggressive,False,,,0,0,False,0.028146690347847624,FOLLOW_LANE,7.832089140162547e-05,,85.0,1.0,7,999.0,,follow_lane_wp,3.3555829735298914e-05
0.3033807589171507,0.0,0.00018450715808419633,999.0,stay_follow_no_need,0.3033807589171507,-3.159935052173407,0.012979789353946425,,2.9999999990347153,-3.159935052173407,0,-3,26.409507861104213,speed_deficit_aggressive,False,,,0,0,False,0.012979789353946425,FOLLOW_LANE,7.727462898036485e-05,,85.0,1.0,8,999.0,,follow_lane_wp,3.249056529908145e-05
0.18429356587101314,0.0,0.00018505796565230267,999.0,stay_follow_no_need,0.18429356587101314,-2.3817438609227515,0.00377223209267729,,2.9999999990347153,-2.3817438609227515,0,-3,26.494046443657133,speed_deficit_aggressive,False,,,0,0,False,0.00377223209267729,FOLLOW_LANE,7.702086354186558e-05,,85.0,1.0,9,999.0,,follow_lane_wp,3.2224249189916065e-05
0.10131933220114436,0.0,0.0001869574137266395,999.0,stay_follow_no_need,0.10131933220114436,-1.6594846733973756,0.0013253687882917918,,2.9999999990347153,-1.6594846733973756,0,-3,26.590369183522878,speed_deficit_aggressive,False,,,0,0,False,0.0013253687882917918,FOLLOW_LANE,7.733667468599592e-05,,85.0,1.0,10,999.0,,follow_lane_wp,3.2224249189916065e-05
0.04536870892855103,0.0,0.00018791833550802547,999.0,stay_follow_no_need,0.04536870892855103,-1.1190124654518667,0.0035768802963836678,,2.9999999990347153,-1.1190124654518667,0,-3,26.69593116651887,speed_deficit_aggressive,False,,,0,0,False,0.0035768802963836678,FOLLOW_LANE,7.758819013770838e-05,,85.0,1.0,11,999.0,,follow_lane_wp,3.2224249189916065e-05
0.012769577003745428,0.0,0.00018982771110441325,999.0,stay_follow_no_need,0.012769577003745428,-0.6519826384961119,0.004210777575510503,,2.9999999990347153,-0.6519826384961119,0,-3,26.80945132512985,speed_deficit_aggressive,False,,,0,0,False,0.004210777575510503,FOLLOW_LANE,7.802073949511285e-05,,85.0,1.0,12,999.0,,follow_lane_wp,3.2224249189916065e-05
0.04402631522432505,0.0,0.00019077428510130227,999.0,stay_follow_no_need,0.04402631522432505,0.6251347644115923,0.0020098089100766573,,2.9999999990347153,0.6251347644115923,0,-3,26.930272667388927,speed_deficit_aggressive,False,,,0,0,False,0.0020098089100766573,FOLLOW_LANE,7.835800270974473e-05,,85.0,1.0,13,999.0,,follow_lane_wp,3.2224249189916065e-05
6.854442158281671,0.0,0.00019206700527909116,999.0,stay_follow_no_need,6.854442158281671,136.2083168611469,0.34273415377899474,,2.999999866805868,136.2083168611469,0,-3,27.052376832190568,speed_deficit_aggressive,False,,,0,0,False,0.34273415377899474,FOLLOW_LANE,7.618689557221746e-05,,85.0,1.0,14,999.0,,follow_lane_wp,3.435477806235099e-05
12.457248672042681,0.0,0.00018632111030422206,999.0,stay_follow_no_need,12.457248672042681,112.0561302752202,0.9655890260034362,,2.999991608785164,112.0561302752202,0,-3,27.147671400890957,speed_deficit_aggressive,False,,,0,0,False,0.9655890260034362,FOLLOW_LANE,6.723406583267682e-05,,85.0,1.0,15,999.0,,follow_lane_wp,3.036003642709062e-05
8.031924226812217,0.0,0.00018154048958324807,999.0,stay_follow_no_need,8.031924226812217,-88.50648890460927,1.36718292777402,,2.999966274215433,-88.50648890460927,0,-3,27.22594445708365,speed_deficit_aggressive,False,,,0,0,False,1.36718292777402,FOLLOW_LANE,5.9913074681726766e-05,,85.0,1.0,16,999.0,,follow_lane_wp,2.76968753372131e-05
5.7980204807295825,0.0,0.00018091496642778405,999.0,stay_follow_no_need,5.7980204807295825,-44.67807492165269,1.6570822404838141,,2.9999272166893216,-44.67807492165269,0,-3,27.295828669953345,speed_deficit_aggressive,False,,,0,0,False,1.6570822404838141,FOLLOW_LANE,5.493255913030794e-05,,85.0,1.0,17,999.0,,follow_lane_wp,2.5566346464778178e-05
4.682144522823221,0.0,0.0001791887425048981,999.0,stay_follow_no_need,4.682144522823221,-22.317519158127226,1.8911878367645036,,2.9998765206828724,-22.317519158127226,0,-3,27.361184911594805,speed_deficit_aggressive,False,,,0,0,False,1.8911878367645036,FOLLOW_LANE,5.064103056097162e-05,,85.0,1.0,18,999.0,,follow_lane_wp,2.290318537490066e-05
4.097365969992663,0.0,0.00017784695896225482,999.0,stay_follow_no_need,4.097365969992663,-11.695571056611165,2.0960548199648468,,2.999813677156798,-11.695571056611165,0,-3,27.423665839179193,speed_deficit_aggressive,False,,,0,0,False,2.0960548199648468,FOLLOW_LANE,4.8051859769424286e-05,,85.0,1.0,19,999.0,,follow_lane_wp,2.2370553157013973e-05
3.799896273444818,0.0,0.00016873006459479888,999.0,stay_follow_no_need,3.799896273444818,-5.949393930956903,2.286048989411303,,2.999736368265601,-5.949393930956903,0,-3,27.484133051012822,speed_deficit_aggressive,False,,,0,0,False,2.286048989411303,FOLLOW_LANE,4.2204112958180574e-05,,85.0,1.0,20,999.0,,follow_lane_wp,1.651159875848407e-05
3.6976898021962366,0.0,0.00017491008000280854,999.0,stay_follow_no_need,3.6976898021962366,-2.0441294249716258,2.470933406395905,,2.9996401680529017,-2.0441294249716258,0,-3,27.542863113907963,speed_deficit_aggressive,False,,,0,0,False,2.470933406395905,FOLLOW_LANE,3.98677824027512e-05,,85.0,1.0,21,999.0,,follow_lane_wp,1.5446334322710698e-05
3.704967020021255,0.0,0.00020136684186808362,999.0,stay_follow_no_need,3.704967020021255,0.14554435650037334,2.656180111285317,,2.9995195085800654,0.14554435650037334,0,-3,27.599892426724935,speed_deficit_aggressive,False,,,0,0,False,2.656180111285317,FOLLOW_LANE,4.3694777093510456e-05,,85.0,1.0,22,999.0,,follow_lane_wp,1.9707392066692364e-05
3.7728021254452964,0.0,0.00022417493949229012,999.0,stay_follow_no_need,3.7728021254452964,1.3567021084808228,2.8448196911375714,,2.9993677708200135,1.3567021084808228,0,-3,27.655155819857846,speed_deficit_aggressive,False,,,0,0,False,2.8448196911375714,FOLLOW_LANE,4.8867483307294025e-05,,85.0,1.0,23,999.0,,follow_lane_wp,2.396844981067403e-05
3.8805292292315627,0.0,0.00024243679491443675,999.0,stay_follow_no_need,3.8805292292315627,2.1545420757253275,3.0388460541048703,,2.999176828448013,2.1545420757253275,0,-3,27.70841630237728,speed_deficit_aggressive,False,,,0,0,False,3.0388460541048703,FOLLOW_LANE,5.358660666089476e-05,,85.0,1.0,24,999.0,,follow_lane_wp,2.76968753372131e-05
4.013646288385672,0.0,0.0002589214828608447,999.0,stay_follow_no_need,4.013646288385672,2.662341183082191,3.2395283592159476,,2.9989368789934847,2.662341183082191,0,-3,27.759415966252156,speed_deficit_aggressive,False,,,0,0,False,3.2395283592159476,FOLLOW_LANE,5.822223433113005e-05,,85.0,1.0,25,999.0,,follow_lane_wp,3.195793308119477e-05
4.1415605879583515,0.0,0.00027232353663326873,999.0,stay_follow_no_need,4.1415605879583515,2.558285991453584,3.4466063880925186,,2.998637858234226,2.558285991453584,0,-3,27.80786335460968,speed_deficit_aggressive,False,,,0,0,False,3.4466063880925186,FOLLOW_LANE,6.172178304812157e-05,,85.0,1.0,26,999.0,,follow_lane_wp,3.4887410280237674e-05
4.238567179108816,0.0,0.0002873023165928341,999.0,stay_follow_no_need,4.238567179108816,1.940131823009299,3.658534745484785,,2.9982706444554594,1.940131823009299,0,-3,27.853522528030926,speed_deficit_aggressive,False,,,0,0,False,3.658534745484785,FOLLOW_LANE,6.481898176586709e-05,,85.0,1.0,27,999.0,,follow_lane_wp,3.755057137011519e-05
4.316130449117077,0.0,0.0003014542840422277,999.0,stay_follow_no_need,4.316130449117077,1.5512654001652137,3.87434126166113,,2.997825061193959,1.5512654001652137,0,-3,27.895991593531647,speed_deficit_aggressive,False,,,0,0,False,3.87434126166113,FOLLOW_LANE,6.798579582922627e-05,,85.0,1.0,28,999.0,,follow_lane_wp,4.074636467832349e-05
4.382211040075126,0.0,0.0003147849401019245,999.0,stay_follow_no_need,4.382211040075126,1.3216118191609816,4.09345180902857,,2.9972897192363166,1.3216118191609816,0,-3,27.93382464954828,speed_deficit_aggressive,False,,,0,0,False,4.09345180902857,FOLLOW_LANE,7.045935344105242e-05,,85.0,1.0,29,999.0,,follow_lane_wp,4.287689355031432e-05
4.441200323570954,0.0,0.0003291759016642278,999.0,stay_follow_no_need,4.441200323570954,1.179785669916562,4.315511820872491,,2.9966520050277854,1.179785669916562,0,-3,27.963421828967007,speed_deficit_aggressive,False,,,0,0,False,4.315511820872491,FOLLOW_LANE,7.27796733215382e-05,,85.0,1.0,30,999.0,,follow_lane_wp,4.5007422422305154e-05
4.495599126412402,0.0,0.00034462797198887493,999.0,stay_follow_no_need,4.495599126412402,1.0879760568289498,4.540291775416245,,2.9958980476867403,1.0879760568289498,0,-3,27.97980559863391,speed_deficit_aggressive,False,,,0,0,False,4.540291775416245,FOLLOW_LANE,7.510436686904368e-05,,85.0,1.0,31,999.0,,follow_lane_wp,4.713795129474008e-05
4.54822564477284,0.0,0.00033784079615197925,999.0,stay_follow_no_need,4.54822564477284,1.0525303672087638,4.76770192906523,,2.9950123962935953,1.0525303672087638,0,-3,27.979441681883152,speed_deficit_aggressive,False,,,0,0,False,4.76770192906523,FOLLOW_LANE,7.300464235038001e-05,,85.0,1.0,32,999.0,,follow_lane_wp,4.447479020441847e-05
4.596596313828033,0.0,0.00032773239007896377,999.0,stay_follow_no_need,4.596596313828033,0.9674133811038566,4.997531188599148,,2.9939788754970307,0.9674133811038566,0,-3,27.96142880183968,speed_deficit_aggressive,False,,,0,0,False,4.997531188599148,FOLLOW_LANE,6.757067266156345e-05,,85.0,1.0,33,999.0,,follow_lane_wp,3.8615835806332655e-05
4.637629320413285,0.0,0.000319498555991061,999.0,stay_follow_no_need,4.637629320413285,0.8206601317050399,5.229391402967396,,2.9927812807889405,0.8206601317050399,0,-3,27.92726036531728,speed_deficit_aggressive,False,,,0,0,False,5.229391402967396,FOLLOW_LANE,6.027261534938204e-05,,85.0,1.0,34,999.0,,follow_lane_wp,3.0892668644977306e-05
3.8569956893013875,0.0,0.000332782775611282,999.0,stay_follow_no_need,3.8569956893013875,-15.612672622237946,5.422217504770986,,2.9916562113688507,-15.612672622237946,0,-3,27.882568420707152,speed_deficit_aggressive,False,,,0,0,False,5.422217504770986,FOLLOW_LANE,5.236601346536967e-05,,85.0,1.0,35,999.0,,follow_lane_wp,2.024002428457905e-05
4.216413651126842,0.0,0.00036906191430138586,999.0,stay_follow_no_need,4.216413651126842,7.188359236509099,5.211402630823304,,2.9928800971722795,7.188359236509099,0,-3,27.842990082721098,speed_deficit_aggressive,False,,,0,0,False,5.211402630823304,FOLLOW_LANE,5.097181647764317e-05,,85.0,1.0,36,999.0,,follow_lane_wp,1.651159875848407e-05
4.039336752044452,0.0,0.00039791447455203143,999.0,stay_follow_no_need,4.039336752044452,-3.5415379816478065,5.413367973449716,,2.9917105493210125,-3.5415379816478065,0,-3,27.80537409950879,speed_deficit_aggressive,False,,,0,0,False,5.413367973449716,FOLLOW_LANE,4.792926492877064e-05,,85.0,1.0,37,999.0,,follow_lane_wp,9.587379924624884e-06
8.640653103165947,0.0,0.00042082661621935594,999.0,stay_follow_no_need,8.640653103165947,92.0263270224299,5.8454004793640975,,2.9887302926546404,92.0263270224299,0,-3,27.75365877100932,speed_deficit_aggressive,False,,,0,0,False,5.8454004793640975,FOLLOW_LANE,4.3204387708346325e-05,,85.0,1.0,38,999.0,,follow_lane_wp,2.6631610903216085e-06
10.22931751491839,0.0,0.00043818796243630647,999.0,stay_follow_no_need,10.22931751491839,31.773288235048867,6.356866335725261,,2.9842373993100075,31.773288235048867,0,-3,27.681017083340574,speed_deficit_aggressive,False,,,0,0,False,6.356866335725261,FOLLOW_LANE,3.815050337530387e-05,,85.0,1.0,39,999.0,,follow_lane_wp,-2.929477199042907e-06
6.583197063142367,0.0,0.00045417891680480695,999.0,stay_follow_no_need,6.583197063142367,-72.92240903552046,6.6860261548348845,,2.9807101949031742,-72.92240903552046,0,-3,27.589596970076414,speed_deficit_aggressive,False,,,0,0,False,6.6860261548348845,FOLLOW_LANE,3.3459579105237206e-05,,85.0,1.0,40,999.0,,follow_lane_wp,-8.522115487963333e-06
8.427073550307464,0.0,0.000465294778179868,999.0,stay_follow_no_need,8.427073550307464,36.87752974330193,7.1073797805662,,2.97536834206896,36.87752974330193,0,-3,27.477067033937352,speed_deficit_aggressive,False,,,0,0,False,7.1073797805662,FOLLOW_LANE,2.8200052750446312e-05,,85.0,1.0,41,999.0,,follow_lane_wp,-1.4381069886049147e-05
5.571291007141366,0.0,0.0004748681161258284,999.0,stay_follow_no_need,5.571291007141366,-57.115650863321946,7.385944214688517,,2.9712737029211835,-57.115650863321946,0,-3,27.3446739002213,speed_deficit_aggressive,False,,,0,0,False,7.385944214688517,FOLLOW_LANE,2.323373496456373e-05,,85.0,1.0,42,999.0,,follow_lane_wp,-1.9973708175413663e-05
7.2429612637167,0.0,0.00048527925984873923,999.0,stay_follow_no_need,7.2429612637167,33.43340513150668,7.748092225107916,,2.96521158191363,33.43340513150668,0,-3,27.192289412199763,speed_deficit_aggressive,False,,,0,0,False,7.748092225107916,FOLLOW_LANE,1.8818014883849072e-05,,85.0,1.0,43,999.0,,follow_lane_wp,-2.4501082028560717e-05
5.057149792753425,0.0,0.000494726074959572,999.0,stay_follow_no_need,5.057149792753425,-43.71622941926551,8.000949637906377,,2.96044314986824,-43.71622941926551,0,-3,27.02353531986232,speed_deficit_aggressive,False,,,0,0,False,8.000949637906377,FOLLOW_LANE,1.4792889374958957e-05,,85.0,1.0,44,999.0,,follow_lane_wp,-2.902845588170777e-05
6.47861201049587,0.0,0.0005057245132971799,999.0,stay_follow_no_need,6.47861201049587,28.429244354848908,8.3248802236449,,2.9536374270451686,28.429244354848908,0,-3,26.840522806955953,speed_deficit_aggressive,False,,,0,0,False,8.3248802236449,FOLLOW_LANE,1.1570872113221476e-05,,85.0,1.0,45,999.0,,follow_lane_wp,-3.2224249189916065e-05
4.829485058417594,0.0,0.0005155016147935579,999.0,stay_follow_no_need,4.829485058417594,-32.98253904156551,8.566354461355,,2.9480195879112965,-32.98253904156551,0,-3,26.646646917206,speed_deficit_aggressive,False,,,0,0,False,8.566354461355,FOLLOW_LANE,8.873505627683257e-06,,85.0,1.0,46,999.0,,follow_lane_wp,-3.515372638895897e-05
5.95978931681235,0.0,0.0005277024189527958,999.0,stay_follow_no_need,5.95978931681235,22.60608516789512,8.864343920265078,,2.9404005921140905,22.60608516789512,0,-3,26.44201413158558,speed_deficit_aggressive,False,,,0,0,False,8.864343920265078,FOLLOW_LANE,6.789616418478873e-06,,85.0,1.0,47,999.0,,follow_lane_wp,-3.7284255260949806e-05
4.763375198996134,0.0,0.000541519392137316,999.0,stay_follow_no_need,4.763375198996134,-23.928282356324324,9.102512679999673,,2.9337324788626136,-23.928282356324324,0,-3,26.226641831548406,speed_deficit_aggressive,False,,,0,0,False,9.102512679999673,FOLLOW_LANE,5.706065429341062e-06,,85.0,1.0,48,999.0,,follow_lane_wp,-3.834951969716727e-05
5.586631889377924,0.0,0.0005529243215456905,999.0,stay_follow_no_need,5.586631889377924,16.465133807635794,9.3818442742857,,2.9252160440584465,16.465133807635794,0,-3,25.998329644047054,speed_deficit_aggressive,False,,,0,0,False,9.3818442742857,FOLLOW_LANE,4.413497647184905e-06,,85.0,1.0,49,999.0,,follow_lane_wp,-3.9947416350827325e-05
4.785652739286269,0.0,0.0005685053767511311,999.0,stay_follow_no_need,4.785652739286269,-16.01958300183309,9.621126911218813,,2.9172897509387545,-16.01958300183309,0,-3,25.75591672916193,speed_deficit_aggressive,False,,,0,0,False,9.621126911218813,FOLLOW_LANE,4.09548407984103e-06,,85.0,1.0,50,999.0,,follow_lane_wp,-4.021373245999271e-05
5.306859402588741,0.0,0.0005858766001514497,999.0,stay_follow_no_need,5.306859402588741,10.424133266049438,9.886469881323908,,2.9077809709169213,10.424133266049438,0,-3,25.49832614972612,speed_deficit_aggressive,False,,,0,0,False,9.886469881323908,FOLLOW_LANE,4.546975536930208e-06,,85.0,1.0,51,999.0,,follow_lane_wp,-3.9681100242106027e-05
4.85159058974522,0.0,0.0006033856584336515,999.0,stay_follow_no_need,4.85159058974522,-9.105376256870432,10.129049410769225,,2.898391436002759,-9.105376256870432,0,-3,25.22621543695649,speed_deficit_aggressive,False,,,0,0,False,10.129049410769225,FOLLOW_LANE,5.729649334960646e-06,,85.0,1.0,52,999.0,,follow_lane_wp,-3.834951969716727e-05
0.5745177084351495,0.0,0.0006216154834514345,999.0,stay_follow_no_need,0.5745177084351495,-85.54145762620139,10.100323527421317,,2.8995391854445254,-85.54145762620139,0,-3,24.950212319663603,speed_deficit_aggressive,False,,,0,0,False,10.100323527421317,FOLLOW_LANE,6.940706614679048e-06,,85.0,1.0,53,999.0,,follow_lane_wp,-3.834951969716727e-05
0.14103118859729719,0.0,0.0006361676425478018,999.0,stay_follow_no_need,0.14103118859729719,-8.669730396757046,10.107375079700239,,2.899258344186504,-8.669730396757046,0,-3,24.675209375890205,speed_deficit_aggressive,False,,,0,0,False,10.107375079700239,FOLLOW_LANE,6.856761956914885e-06,,85.0,1.0,54,999.0,,follow_lane_wp,-4.021373245999271e-05
6.998118196768344,0.0,0.0006512751996743502,999.0,stay_follow_no_need,6.998118196768344,137.14174016342093,10.45728098911643,,2.8845668184079836,137.14174016342093,0,-3,24.391914874861502,speed_deficit_aggressive,False,,,0,0,False,10.45728098911643,FOLLOW_LANE,6.5988241803420364e-06,,85.0,1.0,55,999.0,,follow_lane_wp,-4.04800485691581e-05
8.067005309278779,0.0,0.000671813473517211,999.0,stay_follow_no_need,8.067005309278779,21.377742250208698,10.860631246188301,,2.8657000571480813,21.377742250208698,0,-3,24.08787409231828,speed_deficit_aggressive,False,,,0,0,False,10.860631246188301,FOLLOW_LANE,7.9388157950187e-06,,85.0,1.0,56,999.0,,follow_lane_wp,-3.808320358800188e-05
7.158528187390739,0.0,0.0006969114231574391,999.0,stay_follow_no_need,7.158528187390739,-18.169542437760793,11.218557648675967,,2.8471013499969446,-18.169542437760793,0,-3,23.7659468348753,speed_deficit_aggressive,False,,,0,0,False,11.218557648675967,FOLLOW_LANE,1.0334383339473621e-05,,85.0,1.0,57,999.0,,follow_lane_wp,-3.515372638895897e-05
6.522346142669841,0.0,0.0007232752491304379,999.0,stay_follow_no_need,6.522346142669841,-12.723640894417958,11.54467495329318,,2.8285322719717083,-12.723640894417958,0,-3,23.42737114260041,speed_deficit_aggressive,False,,,0,0,False,11.54467495329318,FOLLOW_LANE,1.3143358104703617e-05,,85.0,1.0,58,999.0,,follow_lane_wp,-3.2224249189916065e-05
5.987444953875367,0.0,0.0007445598188265585,999.0,stay_follow_no_need,5.987444953875367,-10.698023775889478,11.844047200806955,,2.810042662913734,-10.698023775889478,0,-3,23.072863331499565,speed_deficit_aggressive,False,,,0,0,False,11.844047200806955,FOLLOW_LANE,1.5150158056756421e-05,,85.0,1.0,59,999.0,,follow_lane_wp,-3.062635253581192e-05
5.573432718283415,0.0,0.0007666209222156207,999.0,stay_follow_no_need,5.573432718283415,-8.280244711839035,12.122718827652282,,2.7915241831192583,-8.280244711839035,0,-3,22.703215496785017,speed_deficit_aggressive,False,,,0,0,False,12.122718827652282,FOLLOW_LANE,1.6822906503218863e-05,,85.0,1.0,60,999.0,,follow_lane_wp,-2.929477199087316e-05
5.248074983058961,0.0,0.0007874845160584002,999.0,stay_follow_no_need,5.248074983058961,-6.507154704489082,12.385122575044479,,2.7728792615935633,-6.507154704489082,0,-3,22.319507521432808,speed_deficit_aggressive,False,,,0,0,False,12.385122575044479,FOLLOW_LANE,1.760672757028088e-05,,85.0,1.0,61,999.0,,follow_lane_wp,-2.929477199087316e-05
4.995654761303323,0.0,0.0008043125044586777,999.0,stay_follow_no_need,4.995654761303323,-5.048404435112772,12.634905312108158,,2.7539952338335447,-5.048404435112772,0,-3,21.922953959046133,speed_deficit_aggressive,False,,,0,0,False,12.634905312108158,FOLLOW_LANE,1.722621907331994e-05,,85.0,1.0,62,999.0,,follow_lane_wp,-3.062635253581192e-05
4.8003976838344755,0.0,0.0008219441520983567,999.0,stay_follow_no_need,4.8003976838344755,-3.9051415493769426,12.87492519280311,,2.7347628136251694,-3.9051415493769426,0,-3,21.514641564730105,speed_deficit_aggressive,False,,,0,0,False,12.87492519280311,FOLLOW_LANE,1.6844641835671396e-05,,85.0,1.0,63,999.0,,follow_lane_wp,-3.142530086286399e-05
4.648826566559222,0.0,0.0008555315046283305,999.0,stay_follow_no_need,4.648826566559222,-3.0314223455050637,13.107364428632115,,2.7150838595229287,-3.0314223455050637,0,-3,21.095277707400417,speed_deficit_aggressive,False,,,0,0,False,13.107364428632115,FOLLOW_LANE,1.5358643884850387e-05,,85.0,1.0,64,999.0,,follow_lane_wp,-3.515372638895897e-05
4.531954631501414,0.0,0.0008957881585084384,999.0,stay_follow_no_need,4.531954631501414,-2.3374387011561737,13.333961037349601,,2.6948648198289167,-2.3374387011561737,0,-3,20.66510316521024,speed_deficit_aggressive,False,,,0,0,False,13.333961037349601,FOLLOW_LANE,1.3153703210966038e-05,,85.0,1.0,65,999.0,,follow_lane_wp,-3.9947416350827325e-05
4.442137772760413,0.0,0.000925409212747435,999.0,stay_follow_no_need,4.442137772760413,-1.7963371748200174,13.55606743164205,,2.674020389257471,-1.7963371748200174,0,-3,20.224013284763444,speed_deficit_aggressive,False,,,0,0,False,13.55606743164205,FOLLOW_LANE,1.0193352809421213e-05,,85.0,1.0,66,999.0,,follow_lane_wp,-4.5007422422305154e-05
4.372603353788116,0.0,0.000938626781641957,999.0,stay_follow_no_need,4.372603353788116,-1.3906883794459368,13.774697379361122,,2.6524767853901277,-1.3906883794459368,0,-3,19.77177311142792,speed_deficit_aggressive,False,,,0,0,False,13.774697379361122,FOLLOW_LANE,5.51924642324091e-06,,85.0,1.0,67,999.0,,follow_lane_wp,-5.166532514744304e-05
4.3186186936833515,0.0,0.000965597420258855,999.0,stay_follow_no_need,4.3186186936833515,-1.0796932020952887,13.990627714652586,,2.630168110583363,-1.0796932020952887,0,-3,19.308214275121898,speed_deficit_aggressive,False,,,0,0,False,13.990627714652586,FOLLOW_LANE,3.7029629645301544e-06,,85.0,1.0,68,999.0,,follow_lane_wp,-5.326322180154719e-05
4.2761664660835725,0.0,0.0009736395697040839,999.0,stay_follow_no_need,4.2761664660835725,-0.8490445519955792,14.204434263395589,,2.6070373083166665,-0.8490445519955792,0,-3,18.833421704406703,speed_deficit_aggressive,False,,,0,0,False,14.204434263395589,FOLLOW_LANE,2.868246867756955e-06,,85.0,1.0,69,999.0,,follow_lane_wp,-5.352953791026849e-05
4.241635815388699,0.0,0.0009263177819017038,999.0,stay_follow_no_need,4.241635815388699,-0.6906130138974653,14.416514399653693,,2.583037848179871,-0.6906130138974653,0,-3,18.3476625131782,speed_deficit_aggressive,False,,,0,0,False,14.416514399653693,FOLLOW_LANE,-1.7814066999072166e-06,,85.0,1.0,70,999.0,,follow_lane_wp,-5.7790595654694243e-05
4.214746406307003,0.0,0.0008632019026305971,999.0,stay_follow_no_need,4.214746406307003,-0.5377881816339247,14.627251311572362,,2.5581178613162794,-0.5377881816339247,0,-3,17.851318325953788,speed_deficit_aggressive,False,,,0,0,False,14.627251311572362,FOLLOW_LANE,-9.72128584857416e-06,,85.0,1.0,71,999.0,,follow_lane_wp,-6.498113059771882e-05
4.1928435795039825,0.0,0.0007982308091396572,999.0,stay_follow_no_need,4.1928435795039825,-0.4380565360604116,14.836893431484768,,2.532235278890379,-0.4380565360604116,0,-3,17.344690558953392,speed_deficit_aggressive,False,,,0,0,False,14.836893431484768,FOLLOW_LANE,-1.880197312151918e-05,,85.0,1.0,72,999.0,,follow_lane_wp,-7.243798164990878e-05
4.175132212757087,0.0,0.000726149064988621,999.0,stay_follow_no_need,4.175132212757087,-0.3542273349379066,15.045649587219389,,2.5053485044181025,-0.3542273349379066,0,-3,16.82793868690325,speed_deficit_aggressive,False,,,0,0,False,15.045649587219389,FOLLOW_LANE,-2.6712767608093405e-05,,85.0,1.0,73,999.0,,follow_lane_wp,-7.696535550305583e-05
4.160508030692312,0.0,0.0006544244709122795,999.0,stay_follow_no_need,4.160508030692312,-0.2924836412955045,15.25367485940289,,2.4774191455737387,-0.2924836412955045,0,-3,16.30102901966365,speed_deficit_aggressive,False,,,0,0,False,15.25367485940289,FOLLOW_LANE,-3.236767952685893e-05,,85.0,1.0,74,999.0,,follow_lane_wp,-7.829693604799459e-05
2.3487960827936223,0.0,0.0005968207713977262,999.0,stay_follow_no_need,2.3487960827936223,-36.23423895797379,15.371114573627734,,2.461138700798169,-36.23423895797379,0,-3,15.76532558191499,speed_deficit_aggressive,False,,,0,0,False,15.371114573627734,FOLLOW_LANE,-3.4772309640073535e-05,,85.0,1.0,75,999.0,,follow_lane_wp,-7.616640717600376e-05
0.24670294324084951,0.0,0.0005540736527957341,999.0,stay_follow_no_need,0.24670294324084951,-42.04186279105546,15.358780074768879,,2.462866249710502,-42.04186279105546,0,-3,15.229490444389807,speed_deficit_aggressive,False,,,0,0,False,15.358780074768879,FOLLOW_LANE,-3.4219485626670217e-05,,85.0,1.0,76,999.0,,follow_lane_wp,-7.16390333228567e-05
1.1288292003312868,0.0,0.0005207104246870795,999.0,stay_follow_no_need,1.1288292003312868,17.642525141808743,15.41522138564828,,2.4549270628792184,17.642525141808743,0,-3,14.693377920262279,speed_deficit_aggressive,False,,,0,0,False,15.41522138564828,FOLLOW_LANE,-3.1326115902952666e-05,,85.0,1.0,77,999.0,,follow_lane_wp,-6.498113059771882e-05
6.256282426008223,0.0,0.0004941650597057516,999.0,stay_follow_no_need,6.256282426008223,102.54906451353871,15.728035475970193,,2.409318355595614,102.54906451353871,0,-3,14.14399200441705,speed_deficit_aggressive,False,,,0,0,False,15.728035475970193,FOLLOW_LANE,-2.7263842741506584e-05,,85.0,1.0,78,999.0,,follow_lane_wp,-5.7524279545528856e-05
5.57258822691172,0.0,0.0004703439366598953,999.0,stay_follow_no_need,5.57258822691172,-13.673883981930057,16.006664835166486,,2.3663361084498042,-13.673883981930057,0,-3,13.579477708084536,speed_deficit_aggressive,False,,,0,0,False,16.006664835166486,FOLLOW_LANE,-2.2554885779825144e-05,,85.0,1.0,79,999.0,,follow_lane_wp,-4.980111238417351e-05
5.030401348879445,0.0,0.00045040384714740284,999.0,stay_follow_no_need,5.030401348879445,-10.843737560645508,16.258184885146335,,2.325559274664873,-10.843737560645508,0,-3,13.00197408064927,speed_deficit_aggressive,False,,,0,0,False,16.258184885146335,FOLLOW_LANE,-1.8101618168164106e-05,,85.0,1.0,80,999.0,,follow_lane_wp,-4.314320965903562e-05
4.61532124970235,0.0,0.00042987148500869387,999.0,stay_follow_no_need,4.61532124970235,-8.301601983541893,16.48895092006981,,2.2864446672312186,-8.301601983541893,0,-3,12.4128870913264,speed_deficit_aggressive,False,,,0,0,False,16.48895092006981,FOLLOW_LANE,-1.4625739395952956e-05,,85.0,1.0,81,999.0,,follow_lane_wp,-3.808320358800188e-05
4.298737598607666,0.0,0.0004133364706897201,999.0,stay_follow_no_need,4.298737598607666,-6.331673021893689,16.703887789951374,,2.2485054928193033,-6.331673021893689,0,-3,11.813100641412936,speed_deficit_aggressive,False,,,0,0,False,16.703887789951374,FOLLOW_LANE,-1.1299241055896155e-05,,85.0,1.0,82,999.0,,follow_lane_wp,-3.302319751696814e-05
4.058028457718004,0.0,0.000395475725781318,999.0,stay_follow_no_need,4.058028457718004,-4.814182817793231,16.906789203279445,,2.2113213102411002,-4.814182817793231,0,-3,11.203196022900158,speed_deficit_aggressive,False,,,0,0,False,16.906789203279445,FOLLOW_LANE,-8.64670436303472e-06,,85.0,1.0,83,999.0,,follow_lane_wp,-2.902845588170777e-05
3.875837994769931,0.0,0.00037965318989395536,999.0,stay_follow_no_need,3.875837994769931,-3.6438092589614612,17.100581095034894,,2.174534306600605,-3.6438092589614612,0,-3,10.583529888404762,speed_deficit_aggressive,False,,,0,0,False,17.100581095034894,FOLLOW_LANE,-6.426037438023074e-06,,85.0,1.0,84,999.0,,follow_lane_wp,-2.5566346464778178e-05
3.7378974830861194,0.0,0.0003618215094453288,999.0,stay_follow_no_need,3.7378974830861194,-2.7588102336762343,17.287475964825113,,2.1378518270951403,-2.7588102336762343,0,-3,9.95435901529958,speed_deficit_aggressive,False,,,0,0,False,17.287475964825113,FOLLOW_LANE,-4.8359455162931734e-06,,85.0,1.0,85,999.0,,follow_lane_wp,-2.290318537445657e-05
3.633718440818166,0.0,0.0003450681689183936,999.0,stay_follow_no_need,3.633718440818166,-2.0835808453590676,17.46916187790877,,2.101032829701545,-2.0835808453590676,0,-3,9.315925350875238,speed_deficit_aggressive,False,,,0,0,False,17.46916187790877,FOLLOW_LANE,-4.0025336584101276e-06,,85.0,1.0,86,999.0,,follow_lane_wp,-2.1305288720352422e-05
3.554676908715804,0.0,0.0003277427623296029,999.0,stay_follow_no_need,3.554676908715804,-1.5808306420472373,17.646895720578595,,2.0638858017018733,-1.5808306420472373,0,-3,8.668440743265643,speed_deficit_aggressive,False,,,0,0,False,17.646895720578595,FOLLOW_LANE,-3.5532200891835826e-06,,85.0,1.0,87,999.0,,follow_lane_wp,-1.9973708175413663e-05
3.494747965062272,0.0,0.00031109329584516014,999.0,stay_follow_no_need,3.494747965062272,-1.1985788730706393,17.82163311720822,,2.0262543054564244,-1.1985788730706393,0,-3,8.012128711805113,speed_deficit_aggressive,False,,,0,0,False,17.82163311720822,FOLLOW_LANE,-3.8008562265728117e-06,,85.0,1.0,88,999.0,,follow_lane_wp,-1.9707392066248275e-05
3.4489714516814476,0.0,0.0002928492609792681,999.0,stay_follow_no_need,3.4489714516814476,-0.9155302676164911,17.994081688175875,,1.9880144627840588,-0.9155302676164911,0,-3,7.347155036171664,speed_deficit_aggressive,False,,,0,0,False,17.994081688175875,FOLLOW_LANE,-4.138566718517927e-06,,85.0,1.0,89,999.0,,follow_lane_wp,-1.917475984836159e-05
3.413761565666981,0.0,0.0002765052513373275,999.0,stay_follow_no_need,3.413761565666981,-0.7041977202893346,18.164769764257805,,1.9490667192802964,-0.7041977202893346,0,-3,6.673663531457134,speed_deficit_aggressive,False,,,0,0,False,18.164769764257805,FOLLOW_LANE,-4.594703543568562e-06,,85.0,1.0,90,999.0,,follow_lane_wp,-1.89084437391962e-05
3.386372117032296,0.0,0.0002632043566764093,999.0,stay_follow_no_need,3.386372117032296,-0.5477889726936969,18.334088369153267,,1.9093313347546084,-0.5477889726936969,0,-3,5.9917279773819665,speed_deficit_aggressive,False,,,0,0,False,18.334088369153267,FOLLOW_LANE,-4.5375407437403655e-06,,85.0,1.0,91,999.0,,follow_lane_wp,-1.784317930342283e-05
3.3648570581053963,0.0,0.0002484288457077974,999.0,stay_follow_no_need,3.3648570581053963,-0.4303011785379951,18.502331220175176,,1.8687427908484666,-0.4303011785379951,0,-3,5.301376384756992,speed_deficit_aggressive,False,,,0,0,False,18.502331220175176,FOLLOW_LANE,-4.817245937898624e-06,,85.0,1.0,92,999.0,,follow_lane_wp,-1.757686319425744e-05
3.347690665071077,0.0,0.0002317538202615873,999.0,stay_follow_no_need,3.347690665071077,-0.34332786068638654,18.669715752207168,,1.8272474707119084,-0.34332786068638654,0,-3,4.602620388241803,speed_deficit_aggressive,False,,,0,0,False,18.669715752207168,FOLLOW_LANE,-5.393884154948748e-06,,85.0,1.0,93,999.0,,follow_lane_wp,-1.757686319425744e-05
3.335571189134881,0.0,0.00021937901430336276,999.0,stay_follow_no_need,3.335571189134881,-0.24238951872392,18.836479748316854,,1.78478106763684,-0.24238951872392,0,-3,3.895494859089892,speed_deficit_aggressive,False,,,0,0,False,18.836479748316854,FOLLOW_LANE,-5.633287782465251e-06,,85.0,1.0,94,999.0,,follow_lane_wp,-1.7044230976370756e-05
3.3254772284941905,0.0,0.00020656480225306282,999.0,stay_follow_no_need,3.3254772284941905,-0.20187921281380916,19.002742402342847,,1.7413044997124414,-0.20187921281380916,0,-3,3.1800329226536714,speed_deficit_aggressive,False,,,0,0,False,19.002742402342847,FOLLOW_LANE,-5.7772173908376784e-06,,85.0,1.0,95,999.0,,follow_lane_wp,-1.651159875848407e-05
3.3157883415924303,0.0,0.00019508547197819026,999.0,stay_follow_no_need,3.3157883415924303,-0.19377773803520348,19.168528449986876,,1.6968012640973718,-0.19377773803520348,0,-3,2.456255512082107,speed_deficit_aggressive,False,,,0,0,False,19.168528449986876,FOLLOW_LANE,-5.546573053325887e-06,,85.0,1.0,96,999.0,,follow_lane_wp,-1.5446334322266608e-05
3.30717509128785,0.0,0.00018329669128201546,999.0,stay_follow_no_need,3.30717509128785,-0.1722650060916031,19.333879672996186,,1.6512495567017584,-0.1722650060916031,0,-3,1.724160584246099,speed_deficit_aggressive,False,,,0,0,False,19.333879672996186,FOLLOW_LANE,-5.664818730795515e-06,,85.0,1.0,97,999.0,,follow_lane_wp,-1.518001821310122e-05
3.2990438825513255,0.0,0.00017182794702651476,999.0,stay_follow_no_need,3.2990438825513255,-0.1626241747304924,19.498830420322644,,1.6046286426132264,-0.1626241747304924,0,-3,0.9837928112283905,speed_deficit_aggressive,False,,,0,0,False,19.498830420322644,FOLLOW_LANE,-5.568882237588552e-06,,85.0,1.0,98,999.0,,follow_lane_wp,-1.4381069886049147e-05
3.2922271952303372,0.0,0.0001616233046233496,999.0,stay_follow_no_need,3.2922271952303372,-0.1363337464197656,19.66344164610078,,1.556909094572382,-0.1363337464197656,0,-3,0.23519844479448615,speed_deficit_aggressive,False,,,0,0,False,19.66344164610078,FOLLOW_LANE,-5.219062714257991e-06,,85.0,1.0,99,999.0,,follow_lane_wp,-1.3315805450275775e-05
3.2859683019865185,0.0,0.00015005220314921134,999.0,stay_follow_no_need,3.2859683019865185,-0.12517786487637572,19.827740057321055,,1.508070087220926,-0.12517786487637572,0,-3,0.2,speed_deficit_aggressive,False,,,0,0,False,19.827740057321055,FOLLOW_LANE,-5.434404182851513e-06,,85.0,1.0,100,999.0,,follow_lane_wp,-1.3315805450275775e-05
3.2802095392079993,0.0,0.0001407141001010968,999.0,stay_follow_no_need,3.2802095392079993,-0.11517525557038333,19.991750445444133,,1.4580906478927074,-0.11517525557038333,0,-3,0.2,speed_deficit_aggressive,False,,,0,0,False,19.991750445444133,FOLLOW_LANE,-5.758947606815684e-06,,85.0,1.0,101,999.0,,follow_lane_wp,-1.3315805450275775e-05
3.274602939357599,0.0,0.0001360038224864973,999.0,stay_follow_no_need,3.274602939357599,-0.1121319970080048,20.155480445832733,,1.4069545208420093,-0.1121319970080048,0,-3,0.2,speed_deficit_aggressive,False,,,0,0,False,20.155480445832733,FOLLOW_LANE,-4.622617938510213e-06,,85.0,1.0,102,999.0,,follow_lane_wp,-1.0918960469119554e-05
3.269223260536902,0.0,0.00012726712864476446,999.0,stay_follow_no_need,3.269223260536902,-0.10759357641394018,20.318941523372054,,1.3546440094590084,-0.10759357641394018,0,-3,0.2,speed_deficit_aggressive,False,,,0,0,False,20.318941523372054,FOLLOW_LANE,-4.520311689613961e-06,,85.0,1.0,103,999.0,,follow_lane_wp,-1.0918960469119554e-05
3.2746512413119184,0.0,0.00012211803627970412,999.0,stay_follow_no_need,3.2746512413119184,0.10855961550032767,20.482403075373014,,1.3010555127708667,0.10855961550032767,0,-3,0.2,speed_deficit_aggressive,False,,,0,0,False,20.482403075373014,FOLLOW_LANE,-3.873209535753743e-06,,85.0,1.0,104,999.0,,follow_lane_wp,-9.587379924180794e-06
3.2902142757363864,0.0,0.00011674885689207624,999.0,stay_follow_no_need,3.2902142757363864,0.31126068848935873,20.646226021923844,,1.2460457358170463,0.31126068848935873,0,-3,0.2,speed_deficit_aggressive,False,,,0,0,False,20.646226021923844,FOLLOW_LANE,-3.2188158312149447e-06,,85.0,1.0,105,999.0,,follow_lane_wp,-8.522115487963333e-06
3.2769790798769374,0.0,0.00010782076046541873,999.0,stay_follow_no_need,3.2769790798769374,-0.2647039171889798,20.80989080150539,,1.1897658229349555,-0.2647039171889798,0,-3,0.2,speed_deficit_aggressive,False,,,0,0,False,20.80989080150539,FOLLOW_LANE,-3.257119621002656e-06,,85.0,1.0,106,999.0,,follow_lane_wp,-8.522115487963333e-06
3.276666431842486,0.0,0.00010099380627143564,999.0,stay_follow_no_need,3.276666431842486,-0.006252960689030473,20.973323900321418,,1.132224774520917,-0.006252960689030473,0,-3,0.2,speed_deficit_aggressive,False,,,0,0,False,20.973323900321418,FOLLOW_LANE,-3.144109540179547e-06,,85.0,1.0,107,999.0,,follow_lane_wp,-7.989483270076647e-06
1.9794644096045446,0.0,9.499769296971838e-05,999.0,stay_follow_no_need,1.9794644096045446,-25.944040444758823,21.07215477819097,,1.0967696907843916,-25.944040444758823,0,-3,0.2,speed_deficit_aggressive,False,,,0,0,False,21.07215477819097,FOLLOW_LANE,-3.26305043748108e-06,,85.0,1.0,108,999.0,,follow_lane_wp,-7.989483270076647e-06
0.36434391897340007,0.0,8.85744113839973e-05,999.0,stay_follow_no_need,0.36434391897340007,-32.30240981262289,21.054012014209945,,1.1033158252128519,-32.30240981262289,0,-3,0.2797945287302861,speed_deficit_aggressive,False,,,0,0,False,21.054012014209945,FOLLOW_LANE,-3.1446334414843597e-06,,85.0,1.0,109,999.0,,follow_lane_wp,-7.456851052189961e-06
0.5671472518841737,0.0,8.640552690981126e-05,999.0,stay_follow_no_need,0.5671472518841737,4.056066658215472,21.082368233232465,,1.0930771032024347,4.056066658215472,0,-3,1.1007116404405117,speed_deficit_aggressive,False,,,0,0,False,21.082368233232465,FOLLOW_LANE,-2.552053200247529e-06,,85.0,1.0,110,999.0,,follow_lane_wp,-6.3915866159725e-06
4.6306531525175485,0.0,7.847604542569105e-05,999.0,stay_follow_no_need,4.6306531525175485,81.2701180126675,21.311717162090478,,1.0087337628842281,81.2701180126675,0,-3,1.9303717677096097,speed_deficit_aggressive,False,,,0,0,False,21.311717162090478,FOLLOW_LANE,-2.580840000575965e-06,,85.0,1.0,111,999.0,,follow_lane_wp,-6.3915866159725e-06
4.183462573483393,0.0,7.25000566114695e-05,999.0,stay_follow_no_need,4.183462573483393,-8.943811580683114,21.519492564178687,,0.9299365361096799,-8.943811580683114,0,-3,2.770641243909748,speed_deficit_aggressive,False,,,0,0,False,21.519492564178687,FOLLOW_LANE,-2.745011994236258e-06,,85.0,1.0,112,999.0,,follow_lane_wp,-6.3915866159725e-06
3.7924671368050418,0.0,6.687160244393808e-05,999.0,stay_follow_no_need,3.7924671368050418,-7.81990873356702,21.70810101643017,,0.8564042349867106,-7.81990873356702,0,-3,3.6205389864107254,speed_deficit_aggressive,False,,,0,0,False,21.70810101643017,FOLLOW_LANE,-2.9379178300306536e-06,,85.0,1.0,113,999.0,,follow_lane_wp,-6.3915866159725e-06
3.489335820971153,0.0,6.214570706705464e-05,999.0,stay_follow_no_need,3.489335820971153,-6.062626316677777,21.88172482102461,,0.7869982184373009,-6.062626316677777,0,-3,4.479762689267744,speed_deficit_aggressive,False,,,0,0,False,21.88172482102461,FOLLOW_LANE,-3.1156043416143977e-06,,85.0,1.0,114,999.0,,follow_lane_wp,-6.3915866159725e-06
3.257961590607876,0.0,5.611348568270152e-05,999.0,stay_follow_no_need,3.257961590607876,-4.627484607265542,22.04448639673211,,0.7204165545372809,-4.627484607265542,0,-3,5.347499859160134,speed_deficit_aggressive,False,,,0,0,False,22.04448639673211,FOLLOW_LANE,-3.316422209885414e-06,,85.0,1.0,115,999.0,,follow_lane_wp,-6.3915866159725e-06
3.094474933027556,0.0,4.963739146479976e-05,999.0,stay_follow_no_need,3.094474933027556,-3.2697331516063954,22.199207193527698,,0.6557419634596559,-3.2697331516063954,0,-3,6.223153660158497,speed_deficit_aggressive,False,,,0,0,False,22.199207193527698,FOLLOW_LANE,-3.5320175005748742e-06,,85.0,1.0,116,999.0,,follow_lane_wp,-6.3915866159725e-06
2.9998581556645356,0.0,4.704661378046246e-05,999.0,stay_follow_no_need,2.9998581556645356,-1.8923355472604086,22.348222757970245,,0.5921605743809213,-1.8923355472604086,0,-3,7.106235856931056,speed_deficit_aggressive,False,,,0,0,False,22.348222757970245,FOLLOW_LANE,-3.661983943416927e-06,,85.0,0.9657220882852166,117,999.0,,follow_lane_wp,-6.3915866159725e-06
2.9629882170519153,0.0,4.294978288108854e-05,999.0,stay_follow_no_need,2.9629882170519153,-0.7373987722524067,22.49309496698877,,0.5291156288169353,-0.7373987722524067,0,-3,7.9960520694354855,speed_deficit_aggressive,False,,,0,0,False,22.49309496698877,FOLLOW_LANE,-3.7992325904541996e-06,,85.0,0.929504036030585,118,999.0,,follow_lane_wp,-6.3915866159725e-06
2.770469763060259,0.0,3.691972223408488e-05,999.0,stay_follow_no_need,2.770469763060259,-3.850369079833129,22.63044351179968,,0.46820920624236084,-3.850369079833129,0,-3,8.892568266785343,idm_accel,False,,,0,0,False,22.63044351179968,FOLLOW_LANE,-3.980578035809798e-06,,85.0,0.7795040360305849,119,999.0,,follow_lane_wp,-6.3915866159725e-06
2.518523117769517,0.0,3.300090791379627e-05,999.0,stay_follow_no_need,2.518523117769517,-5.038932905814839,22.754511292445997,,0.4122304119439947,-5.038932905814839,0,-3,9.795977341891643,idm_accel,False,,,0,0,False,22.754511292445997,FOLLOW_LANE,-3.973463933470779e-06,,85.0,0.7061152059719973,120,999.0,,follow_lane_wp,-6.125270506807112e-06
2.044896321336319,0.0,2.9765091228293322e-05,999.0,stay_follow_no_need,2.044896321336319,-9.472535928663959,22.85636774207868,,0.36558364097615415,-9.472535928663959,0,-3,10.705249843717567,idm_accel,False,,,0,0,False,22.85636774207868,FOLLOW_LANE,-3.7404222611394974e-06,,85.0,0.6827918204880771,121,999.0,,follow_lane_wp,-5.592638288920426e-06
1.6007213963058515,0.0,2.7710018702159847e-05,999.0,stay_follow_no_need,1.6007213963058515,-8.883498500609347,22.93638550172664,,0.32849819204999575,-8.883498500609347,0,-3,11.619050133176085,idm_accel,False,,,0,0,False,22.93638550172664,FOLLOW_LANE,-3.412401650089292e-06,,85.0,0.6642490960249978,122,999.0,,follow_lane_wp,-5.06000607103374e-06
1.2738416194153688,0.0,2.7167961520090794e-05,999.0,stay_follow_no_need,1.2738416194153688,-6.537595537809655,22.998977152937506,,0.299217305452944,-6.537595537809655,0,-3,12.53627292134884,idm_accel,False,,,0,0,False,22.998977152937506,FOLLOW_LANE,-2.716216601700042e-06,,85.0,0.649608652726472,123,999.0,,follow_lane_wp,-3.994741634816279e-06
1.2033224574413968,0.0,2.5536918052161683e-05,999.0,stay_follow_no_need,1.2033224574413968,-1.4103832394794402,23.04851723404724,,0.2758719341271888,-1.4103832394794402,0,-3,13.455624325933414,idm_accel,False,,,0,0,False,23.04851723404724,FOLLOW_LANE,-2.391624027770485e-06,,85.0,0.6379359670635945,124,999.0,,follow_lane_wp,-3.7284255260949806e-06
0.8432935859373536,0.0,2.4333825819107188e-05,999.0,stay_follow_no_need,0.8432935859373536,-7.200577430080863,23.086450549862075,,0.25789410183799844,-7.200577430080863,0,-3,14.376691650430999,idm_accel,False,,,0,0,False,23.086450549862075,FOLLOW_LANE,-1.8631132043205372e-06,,85.0,0.6289470509189992,125,999.0,,follow_lane_wp,-2.929477199042907e-06
0.7347327312917635,0.0,2.4391667339741102e-05,999.0,stay_follow_no_need,0.7347327312917635,-2.1712170929118013,23.114735380340914,,0.2444312001985588,-2.1712170929118013,0,-3,15.299760780161996,idm_accel,False,,,0,0,False,23.114735380340914,FOLLOW_LANE,-1.0926515113853074e-06,,85.0,0.6222156000992793,126,999.0,,follow_lane_wp,-1.8642127628254457e-06
0.45974197895923485,0.0,2.2321667255662675e-05,999.0,stay_follow_no_need,0.45974197895923485,-5.499815046650573,23.13550717196158,,0.23451279953518755,-5.499815046650573,0,-3,16.224451384475433,idm_accel,False,,,0,0,False,23.13550717196158,FOLLOW_LANE,-9.073830463475447e-07,,85.0,0.6172563997675937,127,999.0,,follow_lane_wp,-1.8642127628254457e-06
0.3041553968176851,0.0,2.1386805509822013e-05,999.0,stay_follow_no_need,0.3041553968176851,-3.111731642830995,23.1505684182961,,0.22730442078476087,-3.111731642830995,0,-3,17.150217107231466,idm_accel,False,,,0,0,False,23.1505684182961,FOLLOW_LANE,-7.19792251407336e-07,,85.0,0.6136522103923805,128,999.0,,follow_lane_wp,-1.597896653660058e-06
0.23846313513972398,0.0,2.375111363829216e-05,999.0,stay_follow_no_need,0.23846313513972398,-1.3138452335592226,23.161522382205238,,0.22205296088689552,-1.3138452335592226,0,-3,18.076659475828922,idm_accel,False,,,0,0,False,23.161522382205238,FOLLOW_LANE,-6.405476811250639e-10,,85.0,0.6110264804434478,129,999.0,,follow_lane_wp,-5.32632217886686e-07
0.3551566773351519,0.0,2.197425059657747e-05,999.0,stay_follow_no_need,0.3551566773351519,2.333870843908558,23.169859374849505,,0.21805111141123634,2.333870843908558,0,-3,19.003269946530136,idm_accel,False,,,0,0,False,23.169859374849505,FOLLOW_LANE,3.287858695414967e-07,,85.0,0.6090255557056181,130,999.0,,follow_lane_wp,-2.663161087212984e-07
0.1894326738059685,0.0,2.0949312248606453e-05,999.0,stay_follow_no_need,0.1894326738059685,-3.3144800705836674,23.175615539033203,,0.21528556628505868,-3.3144800705836674,0,-3,19.9300186587068,idm_accel,False,,,0,0,False,23.175615539033203,FOLLOW_LANE,4.0504116036246044e-07,,85.0,0.6076427831425293,131,999.0,,follow_lane_wp,-2.663161087212984e-07
0.21748385568269468,0.0,1.9181636808879993e-05,999.0,stay_follow_no_need,0.21748385568269468,0.5610236375345234,23.179233642998536,,0.2135461957005197,0.5610236375345234,0,-3,20.857280457188992,idm_accel,False,,,0,0,False,23.179233642998536,FOLLOW_LANE,3.8911212446570967e-07,,85.0,0.6067730978502599,132,999.0,,follow_lane_wp,-2.663161087212984e-07
0.085542050542169,0.0,1.991275868436053e-05,999.0,stay_follow_no_need,0.085542050542169,-2.6388361028105134,23.181296652532634,,0.21255405793749593,-2.6388361028105134,0,-3,21.784939634370424,idm_accel,False,,,0,0,False,23.181296652532634,FOLLOW_LANE,4.0032302895331716e-07,,85.0,0.606277028968748,133,999.0,,follow_lane_wp,-2.663161087212984e-07
0.01986361694335125,0.0,1.989829771194794e-05,999.0,stay_follow_no_need,0.01986361694335125,-1.313568671976355,23.182283040130926,,0.2120795930884417,-1.313568671976355,0,-3,22.712790761372915,idm_accel,False,,,0,0,False,23.182283040130926,FOLLOW_LANE,4.0335295532011603e-07,,85.0,0.6060397965442208,134,999.0,,follow_lane_wp,-2.663161087212984e-07
0.030361802294131397,0.0,1.9642713259486466e-05,999.0,stay_follow_no_need,0.030361802294131397,0.20996370701560296,23.18249887914776,,0.21197576372833205,0.20996370701560296,0,-3,23.640754889244064,idm_accel,False,,,0,0,False,23.18249887914776,FOLLOW_LANE,3.986573904206571e-07,,85.0,0.605987881864166,135,999.0,,follow_lane_wp,-2.663161087212984e-07
0.04134922014361451,0.0,1.8024116299645426e-05,999.0,stay_follow_no_need,0.04134922014361451,0.21974835698966222,23.182173159062582,,0.21213245026290206,0.21974835698966222,0,-3,24.568792249795813,idm_accel,False,,,0,0,False,23.182173159062582,FOLLOW_LANE,2.0897893026465062e-07,,85.0,0.606066225131451,136,999.0,,follow_lane_wp,-5.32632217886686e-07
0.04254053103449542,0.0,1.7800687234536747e-05,999.0,stay_follow_no_need,0.04254053103449542,0.023826217817618234,23.181472395749104,,0.21246952767264315,0.023826217817618234,0,-3,25.49686343952436,idm_accel,False,,,0,0,False,23.181472395749104,FOLLOW_LANE,-5.614838588896886e-09,,85.0,0.6062347638363216,137,999.0,,follow_lane_wp,-7.989483270520736e-07
0.03822757819601575,0.0,1.6853786586142408e-05,999.0,stay_follow_no_need,0.03822757819601575,-0.08625905676959339,23.180522234612162,,0.21292652026411296,-0.08625905676959339,0,-3,26.424922259101503,idm_accel,False,,,0,0,False,23.180522234612162,FOLLOW_LANE,-9.07310196076758e-08,,85.0,0.6064632601320565,138,999.0,,follow_lane_wp,-7.989483270520736e-07
0.03348615548798296,0.0,1.7007715560882555e-05,999.0,stay_follow_no_need,0.03348615548798296,-0.09482845416065575,23.179424472236008,,0.21345443366395644,-0.09482845416065575,0,-3,27.35291952215617,idm_accel,False,,,0,0,False,23.179424472236008,FOLLOW_LANE,-1.128767474572422e-07,,85.0,0.6067272168319782,139,999.0,,follow_lane_wp,-7.989483270520736e-07
0.029661646539121123,0.0,1.3346063121815951e-05,999.0,stay_follow_no_need,0.029661646539121123,-0.07649017897723681,23.17823970702404,,0.21402410253477577,-0.07649017897723681,0,-3,28.28080465166439,idm_accel,False,,,0,0,False,23.17823970702404,FOLLOW_LANE,-6.58172085493055e-07,,85.0,0.6070120512673879,140,999.0,,follow_lane_wp,-1.597896653660058e-06
0.02701641415344028,0.0,1.164697941464024e-05,999.0,stay_follow_no_need,0.02701641415344028,-0.052904647713616845,23.177023940428565,,0.214608586945906,-0.052904647713616845,0,-3,29.20858045111214,idm_accel,False,,,0,0,False,23.177023940428565,FOLLOW_LANE,-8.589890771225708e-07,,85.0,0.607304293472953,141,999.0,,follow_lane_wp,-1.597896653660058e-06
0.025384183069191428,0.0,1.1009988616415486e-05,999.0,stay_follow_no_need,0.025384183069191428,-0.032644621684977046,23.17581364258048,,0.21519035088421057,-0.032644621684977046,0,-3,30.136246326068814,idm_accel,False,,,0,0,False,23.17581364258048,FOLLOW_LANE,-9.331851277103005e-07,,85.0,0.6075951754421053,142,999.0,,follow_lane_wp,-1.597896653660058e-06
0.023873052567324218,0.0,1.1350528173421914e-05,999.0,stay_follow_no_need,0.023873052567324218,-0.030222610037344208,23.17463525721975,,0.21575668761815914,-0.030222610037344208,0,-3,31.063734675457972,idm_accel,False,,,0,0,False,23.17463525721975,FOLLOW_LANE,-4.89555183905369e-07,,85.0,0.6078783438090796,143,999.0,,follow_lane_wp,-7.989483270520736e-07
0.02240544559941954,0.0,9.651339214437199e-06,999.0,stay_follow_no_need,0.02240544559941954,-0.029352139358093526,23.173521088220078,,0.21629208225937369,-0.029352139358093526,0,-3,31.991122931559786,idm_accel,False,,,0,0,False,23.173521088220078,FOLLOW_LANE,-3.937048764957556e-07,,85.0,0.6081460411296868,144,999.0,,follow_lane_wp,-7.989483270520736e-07
0.020945918707452868,0.0,8.774149610587395e-06,999.0,stay_follow_no_need,0.020945918707452868,-0.029190537839333466,23.17247379250459,,0.21679527169464685,-0.029190537839333466,0,-3,32.91846392575418,idm_accel,False,,,0,0,False,23.17247379250459,FOLLOW_LANE,-3.8417165581494263e-07,,85.0,0.6083976358473234,145,999.0,,follow_lane_wp,-7.989483270520736e-07
0.01953408650402446,0.0,9.892317665459102e-06,999.0,stay_follow_no_need,0.01953408650402446,-0.028236644068568156,23.171497617496993,,0.21726422865557848,-0.028236644068568156,0,-3,33.845779951645355,idm_accel,False,,,0,0,False,23.171497617496993,FOLLOW_LANE,-5.118172216428417e-08,,85.0,0.6086321143277893,146,999.0,,follow_lane_wp,-2.663161087212984e-07
0.018049285341771876,0.0,1.1759895646737406e-05,999.0,stay_follow_no_need,0.018049285341771876,-0.029696023245051675,23.1705951796692,,0.2176977093680439,-0.029696023245051675,0,-3,34.773047709818506,idm_accel,False,,,0,0,False,23.1705951796692,FOLLOW_LANE,8.966797011922775e-08,,85.0,0.608848854684022,147,999.0,,follow_lane_wp,-2.663161087212984e-07
0.016708527383308417,0.0,1.3591492840249811e-05,999.0,stay_follow_no_need,0.016708527383308417,-0.026815159169269187,23.169762744999808,,0.2180975195688275,-0.026815159169269187,0,-3,35.700249856432535,idm_accel,False,,,0,0,False,23.169762744999808,FOLLOW_LANE,4.776973881693143e-07,,85.0,0.6090487597844138,148,999.0,,follow_lane_wp,2.663161091653876e-07
0.015205714199876607,0.0,1.4365953532930256e-05,999.0,stay_follow_no_need,0.015205714199876607,-0.0300562636686362,23.169003008957976,,0.21846237572238814,-0.0300562636686362,0,-3,36.62738322062339,idm_accel,False,,,0,0,False,23.169003008957976,FOLLOW_LANE,6.110953624694747e-07,,85.0,0.609231187861194,149,999.0,,follow_lane_wp,2.663161091653876e-07
0.013847446503185246,0.0,1.3098753571369817e-05,999.0,stay_follow_no_need,0.013847446503185246,-0.027165353933827213,23.16831070753585,,0.21879481577504356,-0.027165353933827213,0,-3,37.55445152626819,idm_accel,False,,,0,0,False,23.16831070753585,FOLLOW_LANE,3.1772961277892705e-07,,85.0,0.6093974078875217,150,999.0,,follow_lane_wp,-2.663161087212984e-07
0.01252063990014676,0.0,1.1842001288913176e-05,999.0,stay_follow_no_need,0.01252063990014676,-0.02653613206076974,23.167685557621418,,0.21909498436901764,-0.02653613206076974,0,-3,38.48148851055838,idm_accel,False,,,0,0,False,23.167685557621418,FOLLOW_LANE,2.021703429490464e-07,,85.0,0.6095474921845088,151,999.0,,follow_lane_wp,-2.663161087212984e-07
0.011224920101257592,0.0,1.1461465662391396e-05,999.0,stay_follow_no_need,0.011224920101257592,-0.025914395977783347,23.167124477831912,,0.2193643687088549,-0.025914395977783347,0,-3,39.40851308112737,idm_accel,False,,,0,0,False,23.167124477831912,FOLLOW_LANE,1.5916406740735915e-07,,85.0,0.6096821843544274,152,999.0,,follow_lane_wp,-2.663161087212984e-07
0.010229241787865708,0.0,1.2926303130829375e-05,999.0,stay_follow_no_need,0.010229241787865708,-0.01991356626783767,23.166613671071058,,0.21960959905773714,-0.01991356626783767,0,-3,40.33553454347945,idm_accel,False,,,0,0,False,23.166613671071058,FOLLOW_LANE,1.783874302892215e-07,,85.0,0.6098047995288686,153,999.0,,follow_lane_wp,-2.663161087212984e-07
0.009195502979637634,0.0,1.1483671021914749e-05,999.0,stay_follow_no_need,0.009195502979637634,-0.02067477616456148,23.166153905527064,,0.2198303114448379,-0.02067477616456148,0,-3,41.26254986541585,idm_accel,False,,,0,0,False,23.166153905527064,FOLLOW_LANE,1.525254339702185e-07,,85.0,0.609915155722419,154,999.0,,follow_lane_wp,-2.663161087212984e-07
0.008602768518501813,0.0,9.973941293964575e-06,999.0,stay_follow_no_need,0.008602768518501813,-0.01185468922271643,23.165741658386462,,0.22002820124845457,-0.01185468922271643,0,-3,42.18956630143212,idm_accel,False,,,0,0,False,23.165741658386462,FOLLOW_LANE,-4.113934381481184e-08,,85.0,0.6100141006242272,155,999.0,,follow_lane_wp,-5.32632217886686e-07
0.01631070760898638,0.0,0.0030245513979395627,999.0,stay_follow_no_need,0.01631070760898638,0.1541587818096913,23.16534595138006,,0.2202181414021419,0.1541587818096913,0,-3,43.11655866931168,idm_accel,False,,,0,0,False,23.16534595138006,FOLLOW_LANE,-0.001013250593711455,,85.0,0.610109070701071,156,999.0,,follow_lane_wp,-0.00188152331014102
0.0704443429489725,0.0,0.0021888285515812554,999.0,stay_follow_no_need,0.0704443429489725,1.0826727067997224,23.164962587016603,,0.220402147779872,1.0826727067997224,0,-3,44.04379265502014,idm_accel,False,,,0,0,False,23.164962587016603,FOLLOW_LANE,-0.0017757682531592154,,85.0,0.6102010738899359,157,999.0,,follow_lane_wp,-0.0026487800201926426
0.1151913300012056,0.0,0.0001331141929066769,999.0,stay_follow_no_need,0.1151913300012056,0.8949397410446619,23.164609069630636,,0.22057182017532329,0.8949397410446619,0,-3,44.971503625112234,idm_accel,False,,,0,0,False,23.164609069630636,FOLLOW_LANE,-0.001923539627191295,,85.0,0.6102859100876616,158,999.0,,follow_lane_wp,-0.002429069230260872
0.1280185305357971,0.0,-0.001131734216094649,999.0,stay_follow_no_need,0.1280185305357971,0.25654401069182986,23.164300015416185,,0.22072014589059208,0.25654401069182986,0,-3,45.89969115404634,idm_accel,False,,,0,0,False,23.164300015416185,FOLLOW_LANE,-0.0017833633138306993,,85.0,0.610360072945296,159,999.0,,follow_lane_wp,-0.0020591561548490844
0.13336751439570244,0.0,-0.0017346100453204982,999.0,stay_follow_no_need,0.13336751439570244,0.10697967719810686,23.16402694166919,,0.22085119840553114,0.10697967719810686,0,-3,46.82821949883301,idm_accel,False,,,0,0,False,23.16402694166919,FOLLOW_LANE,-0.0014810118517651497,,85.0,0.6104255992027656,160,999.0,,follow_lane_wp,-0.0015824503197250372
0.13601126550796763,0.0,-0.0018471964862219672,999.0,stay_follow_no_need,0.13601126550796763,0.05287502224530394,23.163780616211433,,0.22096941000714987,0.05287502224530394,0,-3,47.75690160615049,idm_accel,False,,,0,0,False,23.163780616211433,FOLLOW_LANE,-0.0010903760278186804,,85.0,0.6104847050035749,161,999.0,,follow_lane_wp,-0.0010554107399980417
0.13497277164718036,0.0,-0.0016486531937660801,999.0,stay_follow_no_need,0.13497277164718036,-0.020769877215745525,23.163560719800543,,0.22107493512169374,-0.020769877215745525,0,-3,48.68558733010911,idm_accel,False,,,0,0,False,23.163560719800543,FOLLOW_LANE,-0.000669335062669397,,85.0,0.6105374675608468,162,999.0,,follow_lane_wp,-0.000533431166342524
0.12963924714272554,0.0,-0.0012870522750759684,999.0,stay_follow_no_need,0.12963924714272554,-0.10667049008909635,23.163369846251246,,0.22116653014727494,-0.10667049008909635,0,-3,49.614105116992036,idm_accel,False,,,0,0,False,23.163369846251246,FOLLOW_LANE,-0.0002638653444997306,,85.0,0.6105832650736375,163,999.0,,follow_lane_wp,-6.072007285373715e-05
0.1197996423404872,0.0,-0.0008938804552295263,999.0,stay_follow_no_need,0.1197996423404872,-0.19679209604476666,23.163207739373743,,0.22124431905123287,-0.19679209604476666,0,-3,50.542323844371325,idm_accel,False,,,0,0,False,23.163207739373743,FOLLOW_LANE,8.964494315799403e-05,,85.0,0.6106221595256165,164,999.0,,follow_lane_wp,0.00032836776240685595
0.1060615323984363,0.0,-0.0005663815658104609,999.0,stay_follow_no_need,0.1060615323984363,-0.27476219884101816,23.16306531805378,,0.2213126602596539,-0.27476219884101816,0,-3,51.47023356289396,idm_accel,False,,,0,0,False,23.16306531805378,FOLLOW_LANE,0.0003660751734345343,,85.0,0.6106563301298269,165,999.0,,follow_lane_wp,0.0006127933668276242
0.08949050109048744,0.0,-0.0003576245677100894,999.0,stay_follow_no_need,0.08949050109048744,-0.3314206261589772,23.162938828097328,,0.2213733557085058,-0.3314206261589772,0,-3,52.39783377624977,idm_accel,False,,,0,0,False,23.162938828097328,FOLLOW_LANE,0.0005541276067634641,,85.0,0.6106866778542529,166,999.0,,follow_lane_wp,0.0007880293665545324
0.07119535084082756,0.0,-0.00029464313675365466,999.0,stay_follow_no_need,0.07119535084082756,-0.36590300499319744,23.16282936324515,,0.22142588096033078,-0.36590300499319744,0,-3,53.325151250812965,idm_accel,False,,,0,0,False,23.16282936324515,FOLLOW_LANE,0.0006524176800992319,,85.0,0.6107129404801654,167,999.0,,follow_lane_wp,0.0008586031354416157
0.05273532575716693,0.0,-0.00038728257048694726,999.0,stay_follow_no_need,0.05273532575716693,-0.3692005016732126,23.16272956946439,,0.22147376502840643,-0.3692005016732126,0,-3,54.25216225986657,idm_accel,False,,,0,0,False,23.16272956946439,FOLLOW_LANE,0.0006670374540786268,,85.0,0.6107368825142032,168,999.0,,follow_lane_wp,0.0008362325822850458
0.03532810305244724,0.0,-0.0006106667916318574,999.0,stay_follow_no_need,0.03532810305244724,-0.3481444540943938,23.16263946197564,,0.22151700078950243,-0.3481444540943938,0,-3,55.17892656764659,idm_accel,False,,,0,0,False,23.16263946197564,FOLLOW_LANE,0.0006128900197501111,,85.0,0.6107585003947512,169,999.0,,follow_lane_wp,0.0007427556280235059
0.019805723567845653,0.0,-0.0009284152397582579,999.0,stay_follow_no_need,0.019805723567845653,-0.31044758969203173,23.162560229129753,,0.22155501821597867,-0.31044758969203173,0,-3,56.10549446483769,idm_accel,False,,,0,0,False,23.162560229129753,FOLLOW_LANE,0.0005079269013815074,,85.0,0.6107775091079893,170,999.0,,follow_lane_wp,0.0006002765097039564
0.006835246085063048,0.0,-0.0012943443001353903,999.0,stay_follow_no_need,0.006835246085063048,-0.2594095496556521,23.1624859268259,,0.22159066952012918,-0.2594095496556521,0,-3,57.031924050480534,idm_accel,False,,,0,0,False,23.1624859268259,FOLLOW_LANE,0.00037245158766873766,,85.0,0.6107953347600645,171,999.0,,follow_lane_wp,0.0004330299932471249
0.00406377279770171,0.0,-0.0016728832301364197,999.0,stay_follow_no_need,0.00406377279770171,-0.05542946574722677,23.1624239213819,,0.22162042035307938,-0.05542946574722677,0,-3,57.95829232089518,idm_accel,False,,,0,0,False,23.1624239213819,FOLLOW_LANE,0.00022510116950250146,,85.0,0.6108102101765397,172,999.0,,follow_lane_wp,0.0002615224190449794
0.01050158758073062,0.0,-0.0020193188413406096,999.0,stay_follow_no_need,0.01050158758073062,0.1287562956605782,23.16236634006846,,0.22164804822992068,0.1287562956605782,0,-3,58.88458949978285,idm_accel,False,,,0,0,False,23.16236634006846,FOLLOW_LANE,8.314368415604124e-05,,85.0,0.6108240241149603,173,999.0,,follow_lane_wp,0.00010439591473065946
0.014141645438265023,0.0,-0.002303940711674257,999.0,stay_follow_no_need,0.014141645438265023,0.07280115715068806,23.162319397530755,,0.22167057140270086,0.07280115715068806,0,-3,59.81092452274674,idm_accel,False,,,0,0,False,23.162319397530755,FOLLOW_LANE,-4.040704870403842e-05,,85.0,0.6108352857013504,174,999.0,,follow_lane_wp,-2.5832662574387655e-05
0.015083874942160833,0.0,-0.002513389513238767,999.0,stay_follow_no_need,0.015083874942160833,0.018844590077916196,23.162274609786053,,0.22169206057156887,0.018844590077916196,0,-3,60.73736661532806,idm_accel,False,,,0,0,False,23.162274609786053,FOLLOW_LANE,-0.00013722818316929685,,85.0,0.6108460302857844,175,999.0,,follow_lane_wp,-0.00012197277792669325
0.013866795298358024,0.0,-0.0026278978506383945,999.0,stay_follow_no_need,0.013866795298358024,-0.02434159287605618,23.162237734525256,,0.22170975323550746,-0.02434159287605618,0,-3,61.66395163414491,idm_accel,False,,,0,0,False,23.162237734525256,FOLLOW_LANE,-0.00020148603729833127,,85.0,0.6108548766177537,176,999.0,,follow_lane_wp,-0.00017896442525433542
0.011463726914293223,0.15,-0.0026606552641243605,14.437047959654667,enter_emergency,0.011463726914293223,-0.048061367681296006,23.162198731854875,19.85171852373722,-8634563825.171707,-0.048061367681296006,0,-3,14.437047959654667,emergency_brake,,,,0,0,False,23.162198731854875,EMERGENCY_BRAKE,-0.00023431745472549665,,0.0,0.0,177,0.7272442404616966,0.7272442404616966,follow_lane_wp,-0.0002013349784109053
0.5670220707198969,0.3,-0.002603427315307251,13.442978079694893,,0.5670220707198969,11.111166876112073,23.133855727547754,19.882980082278284,-8592377784.717445,11.111166876112073,0,-3,13.442978079694893,emergency_brake,True,,,0,0,False,23.133855727547754,EMERGENCY_BRAKE,-0.0002370143521339638,,0.0,0.0,178,0.6761047903315374,0.6761047903315374,follow_lane_wp,-0.00019094865015922835
2.0455923645342176,0.44999999999999996,-0.002485871196338712,12.452277297887722,,2.0455923645342176,29.571405876286416,23.031576277966884,19.761694347412735,-8441428056.198015,29.571405876286416,0,-3,12.452277297887722,emergency_brake,True,,,0,0,False,23.031576277966884,EMERGENCY_BRAKE,-0.00021635636634131935,,0.0,0.0,179,0.6301219459716021,0.6301219459716021,follow_lane_wp,-0.0001576591365335389
3.494798282904573,0.6,-0.0023889725060787068,11.472142284847857,,3.494798282904573,28.984118367407106,22.856890829626252,19.513499609732122,-8188227395.935471,28.984118367407106,0,-3,11.472142284847857,emergency_brake,True,,,0,0,False,22.856890829626252,EMERGENCY_BRAKE,-0.00018072134931233064,,0.0,0.0,180,0.5879079875106701,0.5879079875106701,follow_lane_wp,-0.00010945592080346955
4.722366833568763,0.75,-0.0028720365693452824,10.50795801581303,,4.722366833568763,24.55137101328381,22.625493824695198,19.175601518990007,-7861647214.65914,24.55137101328381,0,-3,10.50795801581303,emergency_brake,True,,,0,0,False,22.625493824695198,EMERGENCY_BRAKE,-0.00015137599109348965,,0.0,0.0,181,0.5479858353025732,0.5479858353025732,follow_lane_wp,-5.7257963437251647e-05
5.679143308246188,0.8,-0.0020545988250631453,9.563497941986327,,5.679143308246188,19.1355294935485,22.343582347105976,18.766220655958,-7477088290.953341,19.1355294935485,0,-3,9.563497941986327,emergency_brake,True,,,0,0,False,22.343582347105976,EMERGENCY_BRAKE,-7.007723038546902e-05,,0.0,0.0,182,0.5096123570810757,0.5096123570810757,follow_lane_wp,3.80832035871137e-05
6.398990321233446,0.8,-0.001205849669577891,8.640101945462094,,6.398990321233446,14.396940259745143,22.02458777712247,18.318562085155676,-7059150683.725454,14.396940259745143,0,-3,8.640101945462094,emergency_brake,True,,,0,0,False,22.02458777712247,EMERGENCY_BRAKE,1.4486032947376838e-06,,0.0,0.0,183,0.47165830512775575,0.47165830512775575,follow_lane_wp,8.735168375384461e-05
6.610026853924562,0.8,-0.0011247759083158177,7.737413919861323,,6.610026853924562,4.220730653822322,21.69417196712286,17.88696382238097,-6644979143.083786,4.220730653822322,0,-3,7.737413919861323,emergency_brake,True,,,0,0,False,21.69417196712286,EMERGENCY_BRAKE,3.0990753244243915e-05,,0.0,0.0,184,0.4325727941697922,0.4325727941697922,follow_lane_wp,9.880327644040676e-05
6.331907193569881,0.8,-0.0006654817292104764,6.854455191860415,,6.331907193569881,-5.56239320709361,21.37847624853711,17.513731534367402,-6266547184.21114,-5.56239320709361,0,-3,6.854455191860415,emergency_brake,True,,,0,0,False,21.37847624853711,EMERGENCY_BRAKE,5.170012761229928e-05,,0.0,0.0,185,0.39137605703329625,0.39137605703329625,follow_lane_wp,0.00010120012142245116
4.477305662695552,0.8,-0.0007126009299317849,5.985927650917571,,4.477305662695552,-37.09203061748658,21.15547651112453,17.26135951486371,-6009143749.144276,-37.09203061748658,0,-3,5.985927650917571,emergency_brake,True,,,0,0,False,21.15547651112453,EMERGENCY_BRAKE,5.206498107249439e-05,,0.0,0.0,186,0.346781934862263,0.346781934862263,follow_lane_wp,9.321063815193043e-05
4.448863043728234,0.8,-0.0008797727842095647,5.1297410574770055,,4.448863043728234,-0.5688523793463673,20.93327465574035,17.010264526734364,-5760631112.374768,-0.5688523793463673,0,-3,5.1297410574770055,emergency_brake,True,,,0,0,False,20.93327465574035,EMERGENCY_BRAKE,4.327261570978e-05,,0.0,0.0,187,0.3015673888795082,0.3015673888795082,follow_lane_wp,8.495483877268839e-05
9.434420563417708,0.8,-0.0010660035481286725,4.294900831634807,,9.434420563417708,99.71115039378948,20.461575212089297,16.482488900707093,-5258691473.6435375,99.71115039378948,0,-3,4.294900831634807,emergency_brake,True,,,0,0,False,20.461575212089297,EMERGENCY_BRAKE,3.122511930804307e-05,,0.0,0.0,188,0.26057356128118236,0.26057356128118236,follow_lane_wp,7.723167161088895e-05
9.03419451009898,0.8,-0.0012367952877351917,3.4875134628112034,,9.03419451009898,-8.00452106637458,20.009867069325708,15.93973178713907,-4809482441.512609,-8.00452106637458,0,-3,3.4875134628112034,emergency_brake,True,,,0,0,False,20.009867069325708,EMERGENCY_BRAKE,2.054818885750507e-05,,0.0,0.0,189,0.21879373564021287,0.21879373564021287,follow_lane_wp,7.323692997651676e-05
8.635036355795853,0.8,-0.0013932745307236923,2.707599669758139,,8.635036355795853,-7.983163086062532,19.578115543418487,15.39309436935729,-4407631345.170431,-7.983163086062532,0,-3,2.707599669758139,emergency_brake,True,,,0,0,False,19.578115543418487,EMERGENCY_BRAKE,1.170917185443257e-05,,0.0,0.0,190,0.1758970356959612,0.1758970356959612,follow_lane_wp,7.137271721369132e-05
8.326296844748791,0.8,-0.0015251430091030504,1.9550772942937193,,8.326296844748791,-6.174790220941233,19.161802435269944,14.846780847131651,-4044525458.3258514,-6.174790220941233,0,-3,1.9550772942937193,emergency_brake,True,,,0,0,False,19.161802435269944,EMERGENCY_BRAKE,6.04789025663063e-06,,0.0,0.0,191,0.13168358275264996,0.13168358275264996,follow_lane_wp,7.323692997651676e-05
8.08420632623786,0.8,-0.001643576993379478,1.2295852649772199,,8.08420632623786,-4.841810370218624,18.757594153140175,14.311789294563866,-3713915759.644605,-4.841810370218624,0,-3,1.2295852649772199,emergency_brake,True,,,0,0,False,18.757594153140175,EMERGENCY_BRAKE,2.6319743883786845e-06,,0.0,0.0,192,0.08591415368616842,0.08591415368616842,follow_lane_wp,7.696535550216765e-05
7.890692608583235,0.8,-0.0017470470346575891,0.5299038617665461,,7.890692608583235,-3.8702743530924977,18.36306131819674,13.807385132655206,-3411252118.438701,-3.8702743530924977,0,-3,0.5299038617665461,emergency_brake,True,,,0,0,False,18.36306131819674,EMERGENCY_BRAKE,1.2366301165438643e-06,,0.0,0.0,193,0.03837829224545168,0.03837829224545168,follow_lane_wp,8.255799379153217e-05
7.732251503627336,0.8,-0.0018378367058571796,0.2,,7.732251503627336,-3.1688220991179783,17.976449849014077,13.360470641504483,-3133457288.374335,-3.1688220991179783,0,-3,0.2,emergency_brake,True,,,0,0,False,17.976449849014077,EMERGENCY_BRAKE,1.4427495351155139e-06,,0.0,0.0,194,0.014969532538673997,0.014969532538673997,follow_lane_wp,8.948221262627953e-05
167.0527980123755,0.8,0.002785578198435681,0.2,,167.0527980123755,3186.4109301749627,9.623853103711747,-2.7490063273344525,-257381908.22750968,3186.4109301749627,0,-3,0.2,emergency_brake,True,,,0,0,False,9.623853103711747,EMERGENCY_BRAKE,0.0018271418819140882,,0.0,0.0,195,999.0,,follow_lane_wp,0.0029630330288199502
